Workbook

Sheet INVENTARIO
A1: INVENTARIO DE MATERIAS PRIMAS
A2: Lotes: 405 | MPs: 294 | Confirmadas: 285 | INCI pendiente: 5 | Sin revisar: 4 | Vencidos: 15 | Críticos: 3 | Stock total: 1,492,541 g
A3: Azul = confirmado | Naranja = pendiente de revisión | Rojo = INCI pendiente | Fila roja/amarilla = alerta vencimiento
A4: MATERIA PRIMA | G4: LOTE
A5: CÓDIGO MP | B5: NOMBRE INCI | C5: NOMBRE COMERCIAL | D5: TIPO | E5: PROVEEDOR | F5: STOCK MÍN.(g) | G5: N° LOTE | H5: CANT. CONTEO(g) | I5: CANT. ACTUAL(g) | J5: ESTANTERÍA | K5: POS. | L5: FECHA VENC. | M5: DÍAS | N5: ESTADO
A6: MP00186 | B6: 4-BUTYLRESORCINOL | C6: 4-Butyl resorcinol | E6: Lyphar | F6: 0 | G6: LYPH250727 | H6: 490 | I6: =IFERROR(H6+SUMPRODUCT((MOVIMIENTOS!$C$2:$C$5000=$A6)*(MOVIMIENTOS!$D$2:$D$5000=$G6)*(MOVIMIENTOS!$B$2:$B$5000="INGRESO")*MOVIMIENTOS!$E$2:$E$5000)-SUMPRODUCT((MOVIMIENTOS!$C$2:$C$5000=$A6)*(MOVIMIENTOS!$D$2:$D$5000=$G6)*(MOVIMIENTOS!$B$2:$B$5000="EGRESO")*MOVIMIENTOS!$E$2:$E$5000),"") | J6: 10 | K6: B | L6: 46594 | M6: =IF(L6="","",L6-TODAY()) -> 468 | N6: VIGENTE
A7: MP00183 | B7: ALPHA-ARBUTIN | C7: Alpha arbutina | E7: Lyphar | F7: 0 | G7: LYPH251012 | H7: 9495 | I7: =IFERROR(H7+SUMPRODUCT((MOVIMIENTOS!$C$2:$C$5000=$A7)*(MOVIMIENTOS!$D$2:$D$5000=$G7)*(MOVIMIENTOS!$B$2:$B$5000="INGRESO")*MOVIMIENTOS!$E$2:$E$5000)-SUMPRODUCT((MOVIMIENTOS!$C$2:$C$5000=$A7)*(MOVIMIENTOS!$D$2:$D$5000=$G7)*(MOVIMIENTOS!$B$2:$B$5000="EGRESO")*MOVIMIENTOS!$E$2:$E$5000),"") | J7: 9 | K7: B | L7: 46671 | M7: =IF(L7="","",L7-TODAY()) -> 545 | N7: VIGENTE
A8: MP00117 | B8: COCOS NUCIFERA OIL | C8: Aceite de coco | E8: Inchemical | F8: 0 | G8: AVC25062025AC | H8: 185 | I8: =IFERROR(H8+SUMPRODUCT((MOVIMIENTOS!$C$2:$C$5000=$A8)*(MOVIMIENTOS!$D$2:$D$5000=$G8)*(MOVIMIENTOS!$B$2:$B$5000="INGRESO")*MOVIMIENTOS!$E$2:$E$5000)-SUMPRODUCT((MOVIMIENTOS!$C$2:$C$5000=$A8)*(MOVIMIENTOS!$D$2:$D$5000=$G8)*(MOVIMIENTOS!$B$2:$B$5000="EGRESO")*MOVIMIENTOS!$E$2:$E$5000),"") | J8: 4 | K8: B | L8: 46563 | M8: =IF(L8="","",L8-TODAY()) -> 437 | N8: VIGENTE
A9: MP00138 | B9: LACTIC ACID | C9: Ácido láctico | F9: 0 | G9: L2506221532 | H9: 0 | I9: =IFERROR(H9+SUMPRODUCT((MOVIMIENTOS!$C$2:$C$5000=$A9)*(MOVIMIENTOS!$D$2:$D$5000=$G9)*(MOVIMIENTOS!$B$2:$B$5000="INGRESO")*MOVIMIENTOS!$E$2:$E$5000)-SUMPRODUCT((MOVIMIENTOS!$C$2:$C$5000=$A9)*(MOVIMIENTOS!$D$2:$D$5000=$G9)*(MOVIMIENTOS!$B$2:$B$5000="EGRESO")*MOVIMIENTOS!$E$2:$E$5000),"") | J9: 5 | K9: B | L9: 46559 | M9: =IF(L9="","",L9-TODAY()) -> 433 | N9: VIGENTE
A10: MP00138 | B10: LACTIC ACID | C10: Ácido láctico | F10: 0 | G10: L2509132207 | H10: 3600 | I10: =IFERROR(H10+SUMPRODUCT((MOVIMIENTOS!$C$2:$C$5000=$A10)*(MOVIMIENTOS!$D$2:$D$5000=$G10)*(MOVIMIENTOS!$B$2:$B$5000="INGRESO")*MOVIMIENTOS!$E$2:$E$5000)-SUMPRODUCT((MOVIMIENTOS!$C$2:$C$5000=$A10)*(MOVIMIENTOS!$D$2:$D$5000=$G10)*(MOVIMIENTOS!$B$2:$B$5000="EGRESO")*MOVIMIENTOS!$E$2:$E$5000),"") | J10: 5 | K10: B | L10: 46642 | M10: =IF(L10="","",L10-TODAY()) -> 516 | N10: VIGENTE
A11: MP00235 | B11: NICOTINAMIDE ADENINE DINUCLEOTIDE | C11: NAD | E11: Lyphar | F11: 0 | G11: LYPH251116 | H11: 225.9 | I11: =IFERROR(H11+SUMPRODUCT((MOVIMIENTOS!$C$2:$C$5000=$A11)*(MOVIMIENTOS!$D$2:$D$5000=$G11)*(MOVIMIENTOS!$B$2:$B$5000="INGRESO")*MOVIMIENTOS!$E$2:$E$5000)-SUMPRODUCT((MOVIMIENTOS!$C$2:$C$5000=$A11)*(MOVIMIENTOS!$D$2:$D$5000=$G11)*(MOVIMIENTOS!$B$2:$B$5000="EGRESO")*MOVIMIENTOS!$E$2:$E$5000),"") | J11: nevera | L11: 46706 | M11: =IF(L11="","",L11-TODAY()) -> 580 | N11: VIGENTE
A12: MP00275 | B12: NICOTINAMIDE MONONUCLEOTIDE | C12: NMN | E12: YTBIO | F12: 0 | G12: YT-M20250309 | H12: 72.9 | I12: =IFERROR(H12+SUMPRODUCT((MOVIMIENTOS!$C$2:$C$5000=$A12)*(MOVIMIENTOS!$D$2:$D$5000=$G12)*(MOVIMIENTOS!$B$2:$B$5000="INGRESO")*MOVIMIENTOS!$E$2:$E$5000)-SUMPRODUCT((MOVIMIENTOS!$C$2:$C$5000=$A12)*(MOVIMIENTOS!$D$2:$D$5000=$G12)*(MOVIMIENTOS!$B$2:$B$5000="EGRESO")*MOVIMIENTOS!$E$2:$E$5000),"") | J12: nevera | L12: 46454 | M12: =IF(L12="","",L12-TODAY()) -> 328 | N12: VIGENTE
A13: MP00189 | B13: ACETYL ZINGERONE | C13: Acetil zingerone | E13: Lyphar | F13: 0 | G13: LYPH250806 | H13: 90 | I13: =IFERROR(H13+SUMPRODUCT((MOVIMIENTOS!$C$2:$C$5000=$A13)*(MOVIMIENTOS!$D$2:$D$5000=$G13)*(MOVIMIENTOS!$B$2:$B$5000="INGRESO")*MOVIMIENTOS!$E$2:$E$5000)-SUMPRODUCT((MOVIMIENTOS!$C$2:$C$5000=$A13)*(MOVIMIENTOS!$D$2:$D$5000=$G13)*(MOVIMIENTOS!$B$2:$B$5000="EGRESO")*MOVIMIENTOS!$E$2:$E$5000),"") | J13: 10 | K13: B | L13: 46604 | M13: =IF(L13="","",L13-TODAY()) -> 478 | N13: VIGENTE
A14: MP00152 | B14: ADENOSINE | C14: Adenosina | E14: Lyphar | F14: 0 | G14: LYPH251025 | I14: =IFERROR(H14+SUMPRODUCT((MOVIMIENTOS!$C$2:$C$5000=$A14)*(MOVIMIENTOS!$D$2:$D$5000=$G14)*(MOVIMIENTOS!$B$2:$B$5000="INGRESO")*MOVIMIENTOS!$E$2:$E$5000)-SUMPRODUCT((MOVIMIENTOS!$C$2:$C$5000=$A14)*(MOVIMIENTOS!$D$2:$D$5000=$G14)*(MOVIMIENTOS!$B$2:$B$5000="EGRESO")*MOVIMIENTOS!$E$2:$E$5000),"") | J14: nevera | L14: 46684 | M14: =IF(L14="","",L14-TODAY()) -> 558 | N14: VIGENTE
A15: MP00152 | B15: ADENOSINE | C15: Adenosina | E15: Lyphar | F15: 0 | G15: LYPH260111 | H15: 50 | I15: =IFERROR(H15+SUMPRODUCT((MOVIMIENTOS!$C$2:$C$5000=$A15)*(MOVIMIENTOS!$D$2:$D$5000=$G15)*(MOVIMIENTOS!$B$2:$B$5000="INGRESO")*MOVIMIENTOS!$E$2:$E$5000)-SUMPRODUCT((MOVIMIENTOS!$C$2:$C$5000=$A15)*(MOVIMIENTOS!$D$2:$D$5000=$G15)*(MOVIMIENTOS!$B$2:$B$5000="EGRESO")*MOVIMIENTOS!$E$2:$E$5000),"") | J15: nevera | L15: 46762 | M15: =IF(L15="","",L15-TODAY()) -> 636 | N15: VIGENTE
A16: MP00223 | B16: SODIUM DNA | C16: ADN vegetal (PDRN) | E16: Inchemical | F16: 0 | G16: 2128525 | H16: 932 | I16: =IFERROR(H16+SUMPRODUCT((MOVIMIENTOS!$C$2:$C$5000=$A16)*(MOVIMIENTOS!$D$2:$D$5000=$G16)*(MOVIMIENTOS!$B$2:$B$5000="INGRESO")*MOVIMIENTOS!$E$2:$E$5000)-SUMPRODUCT((MOVIMIENTOS!$C$2:$C$5000=$A16)*(MOVIMIENTOS!$D$2:$D$5000=$G16)*(MOVIMIENTOS!$B$2:$B$5000="EGRESO")*MOVIMIENTOS!$E$2:$E$5000),"") | J16: 11 | K16: B | L16: 47017 | M16: =IF(L16="","",L16-TODAY()) -> 891 | N16: VIGENTE
A17: MP00085 | B17: MELALEUCA ALTERNIFOLIA LEAF OIL | C17: Aceite esencial árbol de té | E17: Inchemical | F17: 0 | G17: 171248525 | H17: 880 | I17: =IFERROR(H17+SUMPRODUCT((MOVIMIENTOS!$C$2:$C$5000=$A17)*(MOVIMIENTOS!$D$2:$D$5000=$G17)*(MOVIMIENTOS!$B$2:$B$5000="INGRESO")*MOVIMIENTOS!$E$2:$E$5000)-SUMPRODUCT((MOVIMIENTOS!$C$2:$C$5000=$A17)*(MOVIMIENTOS!$D$2:$D$5000=$G17)*(MOVIMIENTOS!$B$2:$B$5000="EGRESO")*MOVIMIENTOS!$E$2:$E$5000),"") | J17: 11 | K17: E | L17: 46875 | M17: =IF(L17="","",L17-TODAY()) -> 749 | N17: VIGENTE
A18: MP00085 | B18: MELALEUCA ALTERNIFOLIA LEAF OIL | C18: Aceite esencial árbol de té | E18: Inchemical | F18: 0 | G18: 91021525 | H18: 770 | I18: =IFERROR(H18+SUMPRODUCT((MOVIMIENTOS!$C$2:$C$5000=$A18)*(MOVIMIENTOS!$D$2:$D$5000=$G18)*(MOVIMIENTOS!$B$2:$B$5000="INGRESO")*MOVIMIENTOS!$E$2:$E$5000)-SUMPRODUCT((MOVIMIENTOS!$C$2:$C$5000=$A18)*(MOVIMIENTOS!$D$2:$D$5000=$G18)*(MOVIMIENTOS!$B$2:$B$5000="EGRESO")*MOVIMIENTOS!$E$2:$E$5000),"") | J18: 11 | K18: E | L18: 46905 | M18: =IF(L18="","",L18-TODAY()) -> 779 | N18: VIGENTE
A19: MP00088 | B19: PELARGONIUM GRAVEOLENS FLOWER OIL | C19: Aceite esencial de geranio | E19: YTBIO | F19: 0 | G19: YT20250815 | I19: =IFERROR(H19+SUMPRODUCT((MOVIMIENTOS!$C$2:$C$5000=$A19)*(MOVIMIENTOS!$D$2:$D$5000=$G19)*(MOVIMIENTOS!$B$2:$B$5000="INGRESO")*MOVIMIENTOS!$E$2:$E$5000)-SUMPRODUCT((MOVIMIENTOS!$C$2:$C$5000=$A19)*(MOVIMIENTOS!$D$2:$D$5000=$G19)*(MOVIMIENTOS!$B$2:$B$5000="EGRESO")*MOVIMIENTOS!$E$2:$E$5000),"") | J19: 11 | K19: B | M19: =IF(L19="","",L19-TODAY())
A20: MP00096 | B20: BOSWELLIA CARTERII RESIN OIL | C20: Aceite esencial de incienso | E20: Inchemical | F20: 0 | G20: L34523 | H20: 193 | I20: =IFERROR(H20+SUMPRODUCT((MOVIMIENTOS!$C$2:$C$5000=$A20)*(MOVIMIENTOS!$D$2:$D$5000=$G20)*(MOVIMIENTOS!$B$2:$B$5000="INGRESO")*MOVIMIENTOS!$E$2:$E$5000)-SUMPRODUCT((MOVIMIENTOS!$C$2:$C$5000=$A20)*(MOVIMIENTOS!$D$2:$D$5000=$G20)*(MOVIMIENTOS!$B$2:$B$5000="EGRESO")*MOVIMIENTOS!$E$2:$E$5000),"") | J20: 4 | K20: B | L20: 46264 | M20: =IF(L20="","",L20-TODAY()) -> 138 | N20: VIGENTE
A21: MP00104 | B21: JASMINUM OFFICINALE OIL | C21: Aceite esencial de jazmín | E21: Inchemical | F21: 0 | G21: 2025112601 | I21: =IFERROR(H21+SUMPRODUCT((MOVIMIENTOS!$C$2:$C$5000=$A21)*(MOVIMIENTOS!$D$2:$D$5000=$G21)*(MOVIMIENTOS!$B$2:$B$5000="INGRESO")*MOVIMIENTOS!$E$2:$E$5000)-SUMPRODUCT((MOVIMIENTOS!$C$2:$C$5000=$A21)*(MOVIMIENTOS!$D$2:$D$5000=$G21)*(MOVIMIENTOS!$B$2:$B$5000="EGRESO")*MOVIMIENTOS!$E$2:$E$5000),"") | J21: 11 | K21: B | M21: =IF(L21="","",L21-TODAY())
A22: MP00039 | B22: LAVANDULA ANGUSTIFOLIA OIL | C22: Aceite esencial de lavanda | E22: Inchemical | F22: 0 | G22: L17923 | H22: 400 | I22: =IFERROR(H22+SUMPRODUCT((MOVIMIENTOS!$C$2:$C$5000=$A22)*(MOVIMIENTOS!$D$2:$D$5000=$G22)*(MOVIMIENTOS!$B$2:$B$5000="INGRESO")*MOVIMIENTOS!$E$2:$E$5000)-SUMPRODUCT((MOVIMIENTOS!$C$2:$C$5000=$A22)*(MOVIMIENTOS!$D$2:$D$5000=$G22)*(MOVIMIENTOS!$B$2:$B$5000="EGRESO")*MOVIMIENTOS!$E$2:$E$5000),"") | J22: 4 | K22: B | M22: =IF(L22="","",L22-TODAY())
A23: MP00091 | B23: MATRICARIA CHAMOMILLA FLOWER OIL | C23: Aceite esencial de manzanilla | E23: Inchemical | F23: 0 | G23: 20072525AM | H23: 830 | I23: =IFERROR(H23+SUMPRODUCT((MOVIMIENTOS!$C$2:$C$5000=$A23)*(MOVIMIENTOS!$D$2:$D$5000=$G23)*(MOVIMIENTOS!$B$2:$B$5000="INGRESO")*MOVIMIENTOS!$E$2:$E$5000)-SUMPRODUCT((MOVIMIENTOS!$C$2:$C$5000=$A23)*(MOVIMIENTOS!$D$2:$D$5000=$G23)*(MOVIMIENTOS!$B$2:$B$5000="EGRESO")*MOVIMIENTOS!$E$2:$E$5000),"") | J23: 11 | K23: E | L23: 46233 | M23: =IF(L23="","",L23-TODAY()) -> 107 | N23: VIGENTE
A24: MP00025 | B24: CITRUS AURANTIUM AMARA FLOWER OIL | C24: Aceite de neroli | E24: Inchemical | F24: 0 | G24: 18290925 | H24: 930 | I24: =IFERROR(H24+SUMPRODUCT((MOVIMIENTOS!$C$2:$C$5000=$A24)*(MOVIMIENTOS!$D$2:$D$5000=$G24)*(MOVIMIENTOS!$B$2:$B$5000="INGRESO")*MOVIMIENTOS!$E$2:$E$5000)-SUMPRODUCT((MOVIMIENTOS!$C$2:$C$5000=$A24)*(MOVIMIENTOS!$D$2:$D$5000=$G24)*(MOVIMIENTOS!$B$2:$B$5000="EGRESO")*MOVIMIENTOS!$E$2:$E$5000),"") | J24: 11 | K24: E | L24: 46488 | M24: =IF(L24="","",L24-TODAY()) -> 362 | N24: VIGENTE
A25: MP00139 | B25: ROSMARINUS OFFICINALIS LEAF OIL | C25: Aceite esencial de romero | E25: Inchemical | F25: 0 | G25: 2030125 | H25: 200 | I25: =IFERROR(H25+SUMPRODUCT((MOVIMIENTOS!$C$2:$C$5000=$A25)*(MOVIMIENTOS!$D$2:$D$5000=$G25)*(MOVIMIENTOS!$B$2:$B$5000="INGRESO")*MOVIMIENTOS!$E$2:$E$5000)-SUMPRODUCT((MOVIMIENTOS!$C$2:$C$5000=$A25)*(MOVIMIENTOS!$D$2:$D$5000=$G25)*(MOVIMIENTOS!$B$2:$B$5000="EGRESO")*MOVIMIENTOS!$E$2:$E$5000),"") | J25: 4 | K25: B | M25: =IF(L25="","",L25-TODAY())
A26: MP00101 | B26: VANILLA PLANIFOLIA FRUIT OIL | C26: Aceite esencial de vainilla | E26: Inchemical | F26: 0 | G26: 2073425AV | H26: 510 | I26: =IFERROR(H26+SUMPRODUCT((MOVIMIENTOS!$C$2:$C$5000=$A26)*(MOVIMIENTOS!$D$2:$D$5000=$G26)*(MOVIMIENTOS!$B$2:$B$5000="INGRESO")*MOVIMIENTOS!$E$2:$E$5000)-SUMPRODUCT((MOVIMIENTOS!$C$2:$C$5000=$A26)*(MOVIMIENTOS!$D$2:$D$5000=$G26)*(MOVIMIENTOS!$B$2:$B$5000="EGRESO")*MOVIMIENTOS!$E$2:$E$5000),"") | J26: 11 | K26: E | L26: 46269 | M26: =IF(L26="","",L26-TODAY()) -> 143 | N26: VIGENTE
A27: MP00192 | B27: ACETYL HEXAPEPTIDE-8 | C27: Acetyl hexapeptide-8 | E27: Lyphar | F27: 0 | G27: LYPH251122 | H27: 9.8 | I27: =IFERROR(H27+SUMPRODUCT((MOVIMIENTOS!$C$2:$C$5000=$A27)*(MOVIMIENTOS!$D$2:$D$5000=$G27)*(MOVIMIENTOS!$B$2:$B$5000="INGRESO")*MOVIMIENTOS!$E$2:$E$5000)-SUMPRODUCT((MOVIMIENTOS!$C$2:$C$5000=$A27)*(MOVIMIENTOS!$D$2:$D$5000=$G27)*(MOVIMIENTOS!$B$2:$B$5000="EGRESO")*MOVIMIENTOS!$E$2:$E$5000),"") | J27: nevera | L27: 46712 | M27: =IF(L27="","",L27-TODAY()) -> 586 | N27: VIGENTE
A28: MP00047 | B28: ALLANTOIN | C28: Alantoína | F28: 0 | G28: 20241202 | H28: 100 | I28: =IFERROR(H28+SUMPRODUCT((MOVIMIENTOS!$C$2:$C$5000=$A28)*(MOVIMIENTOS!$D$2:$D$5000=$G28)*(MOVIMIENTOS!$B$2:$B$5000="INGRESO")*MOVIMIENTOS!$E$2:$E$5000)-SUMPRODUCT((MOVIMIENTOS!$C$2:$C$5000=$A28)*(MOVIMIENTOS!$D$2:$D$5000=$G28)*(MOVIMIENTOS!$B$2:$B$5000="EGRESO")*MOVIMIENTOS!$E$2:$E$5000),"") | J28: 7 | K28: C | L28: 46723 | M28: =IF(L28="","",L28-TODAY()) -> 597 | N28: VIGENTE
A29: MP00047 | B29: ALLANTOIN | C29: Alantoína | F29: 0 | G29: 20250724 | H29: 3239 | I29: =IFERROR(H29+SUMPRODUCT((MOVIMIENTOS!$C$2:$C$5000=$A29)*(MOVIMIENTOS!$D$2:$D$5000=$G29)*(MOVIMIENTOS!$B$2:$B$5000="INGRESO")*MOVIMIENTOS!$E$2:$E$5000)-SUMPRODUCT((MOVIMIENTOS!$C$2:$C$5000=$A29)*(MOVIMIENTOS!$D$2:$D$5000=$G29)*(MOVIMIENTOS!$B$2:$B$5000="EGRESO")*MOVIMIENTOS!$E$2:$E$5000),"") | J29: 7 | K29: C | L29: 46958 | M29: =IF(L29="","",L29-TODAY()) -> 832 | N29: VIGENTE
A30: MP00158 | B30: LACTOBIONIC ACID | C30: Ácido lactobiónico | E30: Lyphar | F30: 0 | G30: LYPH250603 | H30: 1000 | I30: =IFERROR(H30+SUMPRODUCT((MOVIMIENTOS!$C$2:$C$5000=$A30)*(MOVIMIENTOS!$D$2:$D$5000=$G30)*(MOVIMIENTOS!$B$2:$B$5000="INGRESO")*MOVIMIENTOS!$E$2:$E$5000)-SUMPRODUCT((MOVIMIENTOS!$C$2:$C$5000=$A30)*(MOVIMIENTOS!$D$2:$D$5000=$G30)*(MOVIMIENTOS!$B$2:$B$5000="EGRESO")*MOVIMIENTOS!$E$2:$E$5000),"") | J30: 2 | K30: B | L30: 46540 | M30: =IF(L30="","",L30-TODAY()) -> 414 | N30: VIGENTE
A31: MP00044 | B31: ETHANOL | C31: Alcohol etílico 95-96% | F31: 0 | G31: 48151253 | H31: 15154 | I31: =IFERROR(H31+SUMPRODUCT((MOVIMIENTOS!$C$2:$C$5000=$A31)*(MOVIMIENTOS!$D$2:$D$5000=$G31)*(MOVIMIENTOS!$B$2:$B$5000="INGRESO")*MOVIMIENTOS!$E$2:$E$5000)-SUMPRODUCT((MOVIMIENTOS!$C$2:$C$5000=$A31)*(MOVIMIENTOS!$D$2:$D$5000=$G31)*(MOVIMIENTOS!$B$2:$B$5000="EGRESO")*MOVIMIENTOS!$E$2:$E$5000),"") | J31: 5 | K31: B | L31: 46740 | M31: =IF(L31="","",L31-TODAY()) -> 614 | N31: VIGENTE
A32: MP00133 | B32: ISOPROPYL ALCOHOL | C32: Alcohol isopropílico | F32: 0 | G32: IPA250210 | I32: =IFERROR(H32+SUMPRODUCT((MOVIMIENTOS!$C$2:$C$5000=$A32)*(MOVIMIENTOS!$D$2:$D$5000=$G32)*(MOVIMIENTOS!$B$2:$B$5000="INGRESO")*MOVIMIENTOS!$E$2:$E$5000)-SUMPRODUCT((MOVIMIENTOS!$C$2:$C$5000=$A32)*(MOVIMIENTOS!$D$2:$D$5000=$G32)*(MOVIMIENTOS!$B$2:$B$5000="EGRESO")*MOVIMIENTOS!$E$2:$E$5000),"") | J32: 5 | K32: B | L32: 46054 | M32: =IF(L32="","",L32-TODAY()) -> -72 | N32: VENCIDO
A33: MP00216 | B33: ALOE BARBADENSIS LEAF JUICE POWDER | C33: Aloe vera polvo | E33: YTBIO | F33: 0 | G33: YT20241005 | H33: 668.5 | I33: =IFERROR(H33+SUMPRODUCT((MOVIMIENTOS!$C$2:$C$5000=$A33)*(MOVIMIENTOS!$D$2:$D$5000=$G33)*(MOVIMIENTOS!$B$2:$B$5000="INGRESO")*MOVIMIENTOS!$E$2:$E$5000)-SUMPRODUCT((MOVIMIENTOS!$C$2:$C$5000=$A33)*(MOVIMIENTOS!$D$2:$D$5000=$G33)*(MOVIMIENTOS!$B$2:$B$5000="EGRESO")*MOVIMIENTOS!$E$2:$E$5000),"") | J33: 7 | K33: C | L33: 46299 | M33: =IF(L33="","",L33-TODAY()) -> 173 | N33: VIGENTE
A34: MP00217 | B34: ALOE BARBADENSIS LEAF JUICE POWDER | C34: Aloe vera 200X polvo | E34: YTBIO | F34: 0 | G34: YT20240802 | H34: 1715 | I34: =IFERROR(H34+SUMPRODUCT((MOVIMIENTOS!$C$2:$C$5000=$A34)*(MOVIMIENTOS!$D$2:$D$5000=$G34)*(MOVIMIENTOS!$B$2:$B$5000="INGRESO")*MOVIMIENTOS!$E$2:$E$5000)-SUMPRODUCT((MOVIMIENTOS!$C$2:$C$5000=$A34)*(MOVIMIENTOS!$D$2:$D$5000=$G34)*(MOVIMIENTOS!$B$2:$B$5000="EGRESO")*MOVIMIENTOS!$E$2:$E$5000),"") | J34: 7 | K34: C | L34: 46235 | M34: =IF(L34="","",L34-TODAY()) -> 109 | N34: VIGENTE
A35: MPANAC01 | B35: P-ANISIC ACID | C35: P-anisic acid | E35: Bolite | F35: 0 | G35: 2025051601 | I35: =IFERROR(H35+SUMPRODUCT((MOVIMIENTOS!$C$2:$C$5000=$A35)*(MOVIMIENTOS!$D$2:$D$5000=$G35)*(MOVIMIENTOS!$B$2:$B$5000="INGRESO")*MOVIMIENTOS!$E$2:$E$5000)-SUMPRODUCT((MOVIMIENTOS!$C$2:$C$5000=$A35)*(MOVIMIENTOS!$D$2:$D$5000=$G35)*(MOVIMIENTOS!$B$2:$B$5000="EGRESO")*MOVIMIENTOS!$E$2:$E$5000),"") | J35: 12 | K35: B | M35: =IF(L35="","",L35-TODAY())
A36: MP00165 | B36: ANEMARRHENA ASPHODELOIDES ROOT EXTRACT | C36: Anemarrhena root extract | E36: Lyphar | F36: 0 | G36: LYPH250621 | H36: 1000 | I36: =IFERROR(H36+SUMPRODUCT((MOVIMIENTOS!$C$2:$C$5000=$A36)*(MOVIMIENTOS!$D$2:$D$5000=$G36)*(MOVIMIENTOS!$B$2:$B$5000="INGRESO")*MOVIMIENTOS!$E$2:$E$5000)-SUMPRODUCT((MOVIMIENTOS!$C$2:$C$5000=$A36)*(MOVIMIENTOS!$D$2:$D$5000=$G36)*(MOVIMIENTOS!$B$2:$B$5000="EGRESO")*MOVIMIENTOS!$E$2:$E$5000),"") | J36: 2 | K36: B | L36: 46558 | M36: =IF(L36="","",L36-TODAY()) -> 432 | N36: VIGENTE
A37: MP00234 | B37: APIGENIN | C37: Apigenin | E37: YTBIO | F37: 0 | G37: YTA20250325 | H37: 94 | I37: =IFERROR(H37+SUMPRODUCT((MOVIMIENTOS!$C$2:$C$5000=$A37)*(MOVIMIENTOS!$D$2:$D$5000=$G37)*(MOVIMIENTOS!$B$2:$B$5000="INGRESO")*MOVIMIENTOS!$E$2:$E$5000)-SUMPRODUCT((MOVIMIENTOS!$C$2:$C$5000=$A37)*(MOVIMIENTOS!$D$2:$D$5000=$G37)*(MOVIMIENTOS!$B$2:$B$5000="EGRESO")*MOVIMIENTOS!$E$2:$E$5000),"") | J37: 10 | K37: B | L37: 46470 | M37: =IF(L37="","",L37-TODAY()) -> 344 | N37: VIGENTE
A38: MP00230 | B38: ASCORBIC ACID | C38: Vitamina C | E38: YTBIO | F38: 0 | G38: DY2230112024 | I38: =IFERROR(H38+SUMPRODUCT((MOVIMIENTOS!$C$2:$C$5000=$A38)*(MOVIMIENTOS!$D$2:$D$5000=$G38)*(MOVIMIENTOS!$B$2:$B$5000="INGRESO")*MOVIMIENTOS!$E$2:$E$5000)-SUMPRODUCT((MOVIMIENTOS!$C$2:$C$5000=$A38)*(MOVIMIENTOS!$D$2:$D$5000=$G38)*(MOVIMIENTOS!$B$2:$B$5000="EGRESO")*MOVIMIENTOS!$E$2:$E$5000),"") | J38: estibas | L38: 46053 | M38: =IF(L38="","",L38-TODAY()) -> -73 | N38: VENCIDO
A39: MP00230 | B39: ASCORBIC ACID | C39: Vitamina C | E39: YTBIO | F39: 0 | G39: DY2230112024 | H39: 10000 | I39: =IFERROR(H39+SUMPRODUCT((MOVIMIENTOS!$C$2:$C$5000=$A39)*(MOVIMIENTOS!$D$2:$D$5000=$G39)*(MOVIMIENTOS!$B$2:$B$5000="INGRESO")*MOVIMIENTOS!$E$2:$E$5000)-SUMPRODUCT((MOVIMIENTOS!$C$2:$C$5000=$A39)*(MOVIMIENTOS!$D$2:$D$5000=$G39)*(MOVIMIENTOS!$B$2:$B$5000="EGRESO")*MOVIMIENTOS!$E$2:$E$5000),"") | J39: estibas | M39: =IF(L39="","",L39-TODAY())
A40: MP00230 | B40: ASCORBIC ACID | C40: Vitamina C | E40: YTBIO | F40: 0 | G40: YT20250315 | H40: 2800 | I40: =IFERROR(H40+SUMPRODUCT((MOVIMIENTOS!$C$2:$C$5000=$A40)*(MOVIMIENTOS!$D$2:$D$5000=$G40)*(MOVIMIENTOS!$B$2:$B$5000="INGRESO")*MOVIMIENTOS!$E$2:$E$5000)-SUMPRODUCT((MOVIMIENTOS!$C$2:$C$5000=$A40)*(MOVIMIENTOS!$D$2:$D$5000=$G40)*(MOVIMIENTOS!$B$2:$B$5000="EGRESO")*MOVIMIENTOS!$E$2:$E$5000),"") | J40: 7 | K40: F | L40: 46460 | M40: =IF(L40="","",L40-TODAY()) -> 334 | N40: VIGENTE
A41: MP00156 | B41: ASCORBYL PALMITATE | C41: Ascorbyl palmitate | E41: Lyphar | F41: 0 | G41: LYPH250528 | H41: 1000 | I41: =IFERROR(H41+SUMPRODUCT((MOVIMIENTOS!$C$2:$C$5000=$A41)*(MOVIMIENTOS!$D$2:$D$5000=$G41)*(MOVIMIENTOS!$B$2:$B$5000="INGRESO")*MOVIMIENTOS!$E$2:$E$5000)-SUMPRODUCT((MOVIMIENTOS!$C$2:$C$5000=$A41)*(MOVIMIENTOS!$D$2:$D$5000=$G41)*(MOVIMIENTOS!$B$2:$B$5000="EGRESO")*MOVIMIENTOS!$E$2:$E$5000),"") | J41: 8 | K41: B | L41: 46534 | M41: =IF(L41="","",L41-TODAY()) -> 408 | N41: VIGENTE
A42: MP00238 | B42: ASCORBYL GLUCOSIDE | C42: Ascorbyl glucoside | E42: Lyphar | F42: 0 | G42: LYPH251203 | H42: 921 | I42: =IFERROR(H42+SUMPRODUCT((MOVIMIENTOS!$C$2:$C$5000=$A42)*(MOVIMIENTOS!$D$2:$D$5000=$G42)*(MOVIMIENTOS!$B$2:$B$5000="INGRESO")*MOVIMIENTOS!$E$2:$E$5000)-SUMPRODUCT((MOVIMIENTOS!$C$2:$C$5000=$A42)*(MOVIMIENTOS!$D$2:$D$5000=$G42)*(MOVIMIENTOS!$B$2:$B$5000="EGRESO")*MOVIMIENTOS!$E$2:$E$5000),"") | J42: 2 | K42: B | L42: 46723 | M42: =IF(L42="","",L42-TODAY()) -> 597 | N42: VIGENTE
A43: MP00185 | B43: ASIATICOSIDE | C43: Asiaticoside 95% | F43: 0 | G43: LYPH251221 | H43: 100 | I43: =IFERROR(H43+SUMPRODUCT((MOVIMIENTOS!$C$2:$C$5000=$A43)*(MOVIMIENTOS!$D$2:$D$5000=$G43)*(MOVIMIENTOS!$B$2:$B$5000="INGRESO")*MOVIMIENTOS!$E$2:$E$5000)-SUMPRODUCT((MOVIMIENTOS!$C$2:$C$5000=$A43)*(MOVIMIENTOS!$D$2:$D$5000=$G43)*(MOVIMIENTOS!$B$2:$B$5000="EGRESO")*MOVIMIENTOS!$E$2:$E$5000),"") | J43: 10 | K43: C | L43: 46741 | M43: =IF(L43="","",L43-TODAY()) -> 615 | N43: VIGENTE
A44: MP00185 | B44: ASIATICOSIDE | C44: Asiaticoside 95% | F44: 0 | G44: YT20250615 | H44: 77 | I44: =IFERROR(H44+SUMPRODUCT((MOVIMIENTOS!$C$2:$C$5000=$A44)*(MOVIMIENTOS!$D$2:$D$5000=$G44)*(MOVIMIENTOS!$B$2:$B$5000="INGRESO")*MOVIMIENTOS!$E$2:$E$5000)-SUMPRODUCT((MOVIMIENTOS!$C$2:$C$5000=$A44)*(MOVIMIENTOS!$D$2:$D$5000=$G44)*(MOVIMIENTOS!$B$2:$B$5000="EGRESO")*MOVIMIENTOS!$E$2:$E$5000),"") | J44: 10 | K44: C | L44: 46552 | M44: =IF(L44="","",L44-TODAY()) -> 426 | N44: VIGENTE
A45: MP00170 | B45: ACETYL TETRAPEPTIDE-3 | C45: Acetyl tetrapeptide-3 | E45: Lyphar | F45: 0 | G45: LYPH251128 | I45: =IFERROR(H45+SUMPRODUCT((MOVIMIENTOS!$C$2:$C$5000=$A45)*(MOVIMIENTOS!$D$2:$D$5000=$G45)*(MOVIMIENTOS!$B$2:$B$5000="INGRESO")*MOVIMIENTOS!$E$2:$E$5000)-SUMPRODUCT((MOVIMIENTOS!$C$2:$C$5000=$A45)*(MOVIMIENTOS!$D$2:$D$5000=$G45)*(MOVIMIENTOS!$B$2:$B$5000="EGRESO")*MOVIMIENTOS!$E$2:$E$5000),"") | J45: nevera | L45: 46718 | M45: =IF(L45="","",L45-TODAY()) -> 592 | N45: VIGENTE
A46: MP00178 | B46: ACETYL TETRAPEPTIDE-40 | C46: Acetyl tetrapeptide-40 | E46: Lyphar | F46: 0 | G46: LYPH251215 | I46: =IFERROR(H46+SUMPRODUCT((MOVIMIENTOS!$C$2:$C$5000=$A46)*(MOVIMIENTOS!$D$2:$D$5000=$G46)*(MOVIMIENTOS!$B$2:$B$5000="INGRESO")*MOVIMIENTOS!$E$2:$E$5000)-SUMPRODUCT((MOVIMIENTOS!$C$2:$C$5000=$A46)*(MOVIMIENTOS!$D$2:$D$5000=$G46)*(MOVIMIENTOS!$B$2:$B$5000="EGRESO")*MOVIMIENTOS!$E$2:$E$5000),"") | J46: nevera | L46: 46735 | M46: =IF(L46="","",L46-TODAY()) -> 609 | N46: VIGENTE
A47: MP00175 | B47: ACETYL TETRAPEPTIDE-5 | C47: Acetyl tetrapeptide-5 | E47: Lyphar | F47: 0 | G47: LYPH250913 | I47: =IFERROR(H47+SUMPRODUCT((MOVIMIENTOS!$C$2:$C$5000=$A47)*(MOVIMIENTOS!$D$2:$D$5000=$G47)*(MOVIMIENTOS!$B$2:$B$5000="INGRESO")*MOVIMIENTOS!$E$2:$E$5000)-SUMPRODUCT((MOVIMIENTOS!$C$2:$C$5000=$A47)*(MOVIMIENTOS!$D$2:$D$5000=$G47)*(MOVIMIENTOS!$B$2:$B$5000="EGRESO")*MOVIMIENTOS!$E$2:$E$5000),"") | J47: nevera | L47: 46642 | M47: =IF(L47="","",L47-TODAY()) -> 516 | N47: VIGENTE
A48: MP00175 | B48: ACETYL TETRAPEPTIDE-5 | C48: Acetyl tetrapeptide-5 | E48: Lyphar | F48: 0 | G48: LYPH251215 | I48: =IFERROR(H48+SUMPRODUCT((MOVIMIENTOS!$C$2:$C$5000=$A48)*(MOVIMIENTOS!$D$2:$D$5000=$G48)*(MOVIMIENTOS!$B$2:$B$5000="INGRESO")*MOVIMIENTOS!$E$2:$E$5000)-SUMPRODUCT((MOVIMIENTOS!$C$2:$C$5000=$A48)*(MOVIMIENTOS!$D$2:$D$5000=$G48)*(MOVIMIENTOS!$B$2:$B$5000="EGRESO")*MOVIMIENTOS!$E$2:$E$5000),"") | J48: nevera | L48: 46735 | M48: =IF(L48="","",L48-TODAY()) -> 609 | N48: VIGENTE
A49: MPATSG01 | B49: MALEATED SOYBEAN OIL GLYCERYL/OCTYLDODECANOL ESTERS | C49: Antaron Soja Glyceride | F49: 0 | G49: 0002706633 | I49: =IFERROR(H49+SUMPRODUCT((MOVIMIENTOS!$C$2:$C$5000=$A49)*(MOVIMIENTOS!$D$2:$D$5000=$G49)*(MOVIMIENTOS!$B$2:$B$5000="INGRESO")*MOVIMIENTOS!$E$2:$E$5000)-SUMPRODUCT((MOVIMIENTOS!$C$2:$C$5000=$A49)*(MOVIMIENTOS!$D$2:$D$5000=$G49)*(MOVIMIENTOS!$B$2:$B$5000="EGRESO")*MOVIMIENTOS!$E$2:$E$5000),"") | J49: 14 | K49: B | M49: =IF(L49="","",L49-TODAY())
A50: MP00218 | B50: ASTAXANTHIN | C50: Astaxantina | E50: YTBIO | F50: 0 | G50: YT20240805 | H50: 86.5 | I50: =IFERROR(H50+SUMPRODUCT((MOVIMIENTOS!$C$2:$C$5000=$A50)*(MOVIMIENTOS!$D$2:$D$5000=$G50)*(MOVIMIENTOS!$B$2:$B$5000="INGRESO")*MOVIMIENTOS!$E$2:$E$5000)-SUMPRODUCT((MOVIMIENTOS!$C$2:$C$5000=$A50)*(MOVIMIENTOS!$D$2:$D$5000=$G50)*(MOVIMIENTOS!$B$2:$B$5000="EGRESO")*MOVIMIENTOS!$E$2:$E$5000),"") | J50: nevera | L50: 46238 | M50: =IF(L50="","",L50-TODAY()) -> 112 | N50: VIGENTE
A51: MP00221 | B51: AZELAIC ACID | C51: Ácido azelaico | E51: Lyphar | F51: 0 | G51: LYPH251109 | H51: 990 | I51: =IFERROR(H51+SUMPRODUCT((MOVIMIENTOS!$C$2:$C$5000=$A51)*(MOVIMIENTOS!$D$2:$D$5000=$G51)*(MOVIMIENTOS!$B$2:$B$5000="INGRESO")*MOVIMIENTOS!$E$2:$E$5000)-SUMPRODUCT((MOVIMIENTOS!$C$2:$C$5000=$A51)*(MOVIMIENTOS!$D$2:$D$5000=$G51)*(MOVIMIENTOS!$B$2:$B$5000="EGRESO")*MOVIMIENTOS!$E$2:$E$5000),"") | J51: 7 | K51: B | L51: 46699 | M51: =IF(L51="","",L51-TODAY()) -> 573 | N51: VIGENTE
A52: MP00284 | B52: POTASSIUM AZELOYL DIGLYCINATE (AND) WATER | C52: Azeclair | F52: 0 | G52: 2040725IN | I52: =IFERROR(H52+SUMPRODUCT((MOVIMIENTOS!$C$2:$C$5000=$A52)*(MOVIMIENTOS!$D$2:$D$5000=$G52)*(MOVIMIENTOS!$B$2:$B$5000="INGRESO")*MOVIMIENTOS!$E$2:$E$5000)-SUMPRODUCT((MOVIMIENTOS!$C$2:$C$5000=$A52)*(MOVIMIENTOS!$D$2:$D$5000=$G52)*(MOVIMIENTOS!$B$2:$B$5000="EGRESO")*MOVIMIENTOS!$E$2:$E$5000),"") | J52: 4 | K52: B | M52: =IF(L52="","",L52-TODAY())
A53: MPBADM01 | B53: BIS-AMINOPROPYL DIGLYCOL DIMALATE | C53: Bis-aminopropyl diglycol dimalate | E53: YTBIO | F53: 0 | G53: YT20250707 | H53: 820 | I53: =IFERROR(H53+SUMPRODUCT((MOVIMIENTOS!$C$2:$C$5000=$A53)*(MOVIMIENTOS!$D$2:$D$5000=$G53)*(MOVIMIENTOS!$B$2:$B$5000="INGRESO")*MOVIMIENTOS!$E$2:$E$5000)-SUMPRODUCT((MOVIMIENTOS!$C$2:$C$5000=$A53)*(MOVIMIENTOS!$D$2:$D$5000=$G53)*(MOVIMIENTOS!$B$2:$B$5000="EGRESO")*MOVIMIENTOS!$E$2:$E$5000),"") | J53: 11 | K53: B | L53: 46574 | M53: =IF(L53="","",L53-TODAY()) -> 448 | N53: VIGENTE
A54: MP00264 | B54: BETA-CYCLODEXTRIN | C54: Beta-cyclodextrin | E54: YTBIO | F54: 0 | G54: YT-BC20250319 | H54: 170 | I54: =IFERROR(H54+SUMPRODUCT((MOVIMIENTOS!$C$2:$C$5000=$A54)*(MOVIMIENTOS!$D$2:$D$5000=$G54)*(MOVIMIENTOS!$B$2:$B$5000="INGRESO")*MOVIMIENTOS!$E$2:$E$5000)-SUMPRODUCT((MOVIMIENTOS!$C$2:$C$5000=$A54)*(MOVIMIENTOS!$D$2:$D$5000=$G54)*(MOVIMIENTOS!$B$2:$B$5000="EGRESO")*MOVIMIENTOS!$E$2:$E$5000),"") | J54: 8 | K54: B | L54: 46462 | M54: =IF(L54="","",L54-TODAY()) -> 336 | N54: VIGENTE
A55: MP00052 | B55: BIS-DIGLYCERYL POLYACYLADIPATE-2 | C55: Bis-diglyceryl polyacyladipate-2 | E55: Greenway | F55: 0 | G55: 20250715 | H55: 1100 | I55: =IFERROR(H55+SUMPRODUCT((MOVIMIENTOS!$C$2:$C$5000=$A55)*(MOVIMIENTOS!$D$2:$D$5000=$G55)*(MOVIMIENTOS!$B$2:$B$5000="INGRESO")*MOVIMIENTOS!$E$2:$E$5000)-SUMPRODUCT((MOVIMIENTOS!$C$2:$C$5000=$A55)*(MOVIMIENTOS!$D$2:$D$5000=$G55)*(MOVIMIENTOS!$B$2:$B$5000="EGRESO")*MOVIMIENTOS!$E$2:$E$5000),"") | J55: 12 | K55: B | L55: 46569 | M55: =IF(L55="","",L55-TODAY()) -> 443 | N55: VIGENTE
A56: MP00267 | B56: BIS-ETHYLHEXYLOXYPHENOL METHOXYPHENYL TRIAZINE | C56: Bis-ethyloxyphenol methoxyphenyl triazine | E56: YTBIO | F56: 0 | G56: YT20250616 | H56: 820 | I56: =IFERROR(H56+SUMPRODUCT((MOVIMIENTOS!$C$2:$C$5000=$A56)*(MOVIMIENTOS!$D$2:$D$5000=$G56)*(MOVIMIENTOS!$B$2:$B$5000="INGRESO")*MOVIMIENTOS!$E$2:$E$5000)-SUMPRODUCT((MOVIMIENTOS!$C$2:$C$5000=$A56)*(MOVIMIENTOS!$D$2:$D$5000=$G56)*(MOVIMIENTOS!$B$2:$B$5000="EGRESO")*MOVIMIENTOS!$E$2:$E$5000),"") | J56: 10 | K56: B | L56: 46553 | M56: =IF(L56="","",L56-TODAY()) -> 427 | N56: VIGENTE
A57: MPBENJ01 | B57: STYRAX BENZOIN RESIN | C57: Benjuí tintura | F57: 0 | G57: ZB826001 | H57: 30 | I57: =IFERROR(H57+SUMPRODUCT((MOVIMIENTOS!$C$2:$C$5000=$A57)*(MOVIMIENTOS!$D$2:$D$5000=$G57)*(MOVIMIENTOS!$B$2:$B$5000="INGRESO")*MOVIMIENTOS!$E$2:$E$5000)-SUMPRODUCT((MOVIMIENTOS!$C$2:$C$5000=$A57)*(MOVIMIENTOS!$D$2:$D$5000=$G57)*(MOVIMIENTOS!$B$2:$B$5000="EGRESO")*MOVIMIENTOS!$E$2:$E$5000),"") | J57: 4 | K57: B | L57: 46540 | M57: =IF(L57="","",L57-TODAY()) -> 414 | N57: VIGENTE
A58: MP00263 | B58: BETAINE SALICYLATE | C58: Betaine salicylate | E58: YTBIO | F58: 0 | G58: YT-BS20250615 | H58: 900 | I58: =IFERROR(H58+SUMPRODUCT((MOVIMIENTOS!$C$2:$C$5000=$A58)*(MOVIMIENTOS!$D$2:$D$5000=$G58)*(MOVIMIENTOS!$B$2:$B$5000="INGRESO")*MOVIMIENTOS!$E$2:$E$5000)-SUMPRODUCT((MOVIMIENTOS!$C$2:$C$5000=$A58)*(MOVIMIENTOS!$D$2:$D$5000=$G58)*(MOVIMIENTOS!$B$2:$B$5000="EGRESO")*MOVIMIENTOS!$E$2:$E$5000),"") | J58: 2 | K58: B | L58: 46552 | M58: =IF(L58="","",L58-TODAY()) -> 426 | N58: VIGENTE
A59: MP00215 | B59: BETAINE | C59: Betaína | E59: Lyphar | F59: 0 | G59: LYPH260109 | H59: 3425 | I59: =IFERROR(H59+SUMPRODUCT((MOVIMIENTOS!$C$2:$C$5000=$A59)*(MOVIMIENTOS!$D$2:$D$5000=$G59)*(MOVIMIENTOS!$B$2:$B$5000="INGRESO")*MOVIMIENTOS!$E$2:$E$5000)-SUMPRODUCT((MOVIMIENTOS!$C$2:$C$5000=$A59)*(MOVIMIENTOS!$D$2:$D$5000=$G59)*(MOVIMIENTOS!$B$2:$B$5000="EGRESO")*MOVIMIENTOS!$E$2:$E$5000),"") | J59: 7 | K59: D | L59: 46760 | M59: =IF(L59="","",L59-TODAY()) -> 634 | N59: VIGENTE
A60: MP00214 | B60: BETA-GLUCAN | C60: Betaglucano | E60: YTBIO | F60: 0 | G60: YT20241011 | H60: 4030 | I60: =IFERROR(H60+SUMPRODUCT((MOVIMIENTOS!$C$2:$C$5000=$A60)*(MOVIMIENTOS!$D$2:$D$5000=$G60)*(MOVIMIENTOS!$B$2:$B$5000="INGRESO")*MOVIMIENTOS!$E$2:$E$5000)-SUMPRODUCT((MOVIMIENTOS!$C$2:$C$5000=$A60)*(MOVIMIENTOS!$D$2:$D$5000=$G60)*(MOVIMIENTOS!$B$2:$B$5000="EGRESO")*MOVIMIENTOS!$E$2:$E$5000),"") | J60: 7 | K60: D | L60: 46305 | M60: =IF(L60="","",L60-TODAY()) -> 179 | N60: VIGENTE
A61: MPBHTC01 | B61: BEHENTRIMONIUM CHLORIDE | C61: Behentrimonium chloride | E61: YTBIO | F61: 0 | G61: YT-20250723 | H61: 830 | I61: =IFERROR(H61+SUMPRODUCT((MOVIMIENTOS!$C$2:$C$5000=$A61)*(MOVIMIENTOS!$D$2:$D$5000=$G61)*(MOVIMIENTOS!$B$2:$B$5000="INGRESO")*MOVIMIENTOS!$E$2:$E$5000)-SUMPRODUCT((MOVIMIENTOS!$C$2:$C$5000=$A61)*(MOVIMIENTOS!$D$2:$D$5000=$G61)*(MOVIMIENTOS!$B$2:$B$5000="EGRESO")*MOVIMIENTOS!$E$2:$E$5000),"") | J61: 13 | K61: B | L61: 46593 | M61: =IF(L61="","",L61-TODAY()) -> 467 | N61: VIGENTE
A62: MP00067 | B62: BUTYLHYDROXYTOLUENE | C62: Antioxidante BHT | F62: 0 | G62: 232404169 | H62: 1000 | I62: =IFERROR(H62+SUMPRODUCT((MOVIMIENTOS!$C$2:$C$5000=$A62)*(MOVIMIENTOS!$D$2:$D$5000=$G62)*(MOVIMIENTOS!$B$2:$B$5000="INGRESO")*MOVIMIENTOS!$E$2:$E$5000)-SUMPRODUCT((MOVIMIENTOS!$C$2:$C$5000=$A62)*(MOVIMIENTOS!$D$2:$D$5000=$G62)*(MOVIMIENTOS!$B$2:$B$5000="EGRESO")*MOVIMIENTOS!$E$2:$E$5000),"") | J62: 14 | K62: F | L62: 46137 | M62: =IF(L62="","",L62-TODAY()) -> 11 | N62: CRÍTICO
A63: MP00173 | B63: BAKUCHIOL | C63: Bakuchiol | E63: Lyphar | F63: 0 | G63: LYPH251208 | H63: 86.4 | I63: =IFERROR(H63+SUMPRODUCT((MOVIMIENTOS!$C$2:$C$5000=$A63)*(MOVIMIENTOS!$D$2:$D$5000=$G63)*(MOVIMIENTOS!$B$2:$B$5000="INGRESO")*MOVIMIENTOS!$E$2:$E$5000)-SUMPRODUCT((MOVIMIENTOS!$C$2:$C$5000=$A63)*(MOVIMIENTOS!$D$2:$D$5000=$G63)*(MOVIMIENTOS!$B$2:$B$5000="EGRESO")*MOVIMIENTOS!$E$2:$E$5000),"") | J63: nevera | L63: 46728 | M63: =IF(L63="","",L63-TODAY()) -> 602 | N63: VIGENTE
A64: MP00128 | B64: CYCLOPENTASILOXANE (AND) DIMETHICONE CROSSPOLYMER | C64: BM-600 | F64: 0 | G64: 211026025 | H64: 984 | I64: =IFERROR(H64+SUMPRODUCT((MOVIMIENTOS!$C$2:$C$5000=$A64)*(MOVIMIENTOS!$D$2:$D$5000=$G64)*(MOVIMIENTOS!$B$2:$B$5000="INGRESO")*MOVIMIENTOS!$E$2:$E$5000)-SUMPRODUCT((MOVIMIENTOS!$C$2:$C$5000=$A64)*(MOVIMIENTOS!$D$2:$D$5000=$G64)*(MOVIMIENTOS!$B$2:$B$5000="EGRESO")*MOVIMIENTOS!$E$2:$E$5000),"") | J64: 4 | K64: B | L64: 46582 | M64: =IF(L64="","",L64-TODAY()) -> 456 | N64: VIGENTE
A65: MP00128 | B65: CYCLOPENTASILOXANE (AND) DIMETHICONE CROSSPOLYMER | C65: BM-600 | F65: 0 | G65: GCD2M062406141 | H65: 1000 | I65: =IFERROR(H65+SUMPRODUCT((MOVIMIENTOS!$C$2:$C$5000=$A65)*(MOVIMIENTOS!$D$2:$D$5000=$G65)*(MOVIMIENTOS!$B$2:$B$5000="INGRESO")*MOVIMIENTOS!$E$2:$E$5000)-SUMPRODUCT((MOVIMIENTOS!$C$2:$C$5000=$A65)*(MOVIMIENTOS!$D$2:$D$5000=$G65)*(MOVIMIENTOS!$B$2:$B$5000="EGRESO")*MOVIMIENTOS!$E$2:$E$5000),"") | J65: 4 | K65: B | L65: 46187 | M65: =IF(L65="","",L65-TODAY()) -> 61 | N65: PRÓXIMO
A66: MP00184 | B66: PEG-12 DIMETHICONE | C66: BM-939 | F66: 0 | G66: 109625 | H66: 2000 | I66: =IFERROR(H66+SUMPRODUCT((MOVIMIENTOS!$C$2:$C$5000=$A66)*(MOVIMIENTOS!$D$2:$D$5000=$G66)*(MOVIMIENTOS!$B$2:$B$5000="INGRESO")*MOVIMIENTOS!$E$2:$E$5000)-SUMPRODUCT((MOVIMIENTOS!$C$2:$C$5000=$A66)*(MOVIMIENTOS!$D$2:$D$5000=$G66)*(MOVIMIENTOS!$B$2:$B$5000="EGRESO")*MOVIMIENTOS!$E$2:$E$5000),"") | J66: 4 | K66: B | L66: 46588 | M66: =IF(L66="","",L66-TODAY()) -> 462 | N66: VIGENTE
A67: MP00184 | B67: PEG-12 DIMETHICONE | C67: BM-939 | F67: 0 | G67: SCB1R042410142 | H67: 1000 | I67: =IFERROR(H67+SUMPRODUCT((MOVIMIENTOS!$C$2:$C$5000=$A67)*(MOVIMIENTOS!$D$2:$D$5000=$G67)*(MOVIMIENTOS!$B$2:$B$5000="INGRESO")*MOVIMIENTOS!$E$2:$E$5000)-SUMPRODUCT((MOVIMIENTOS!$C$2:$C$5000=$A67)*(MOVIMIENTOS!$D$2:$D$5000=$G67)*(MOVIMIENTOS!$B$2:$B$5000="EGRESO")*MOVIMIENTOS!$E$2:$E$5000),"") | J67: 4 | K67: B | L67: 46308 | M67: =IF(L67="","",L67-TODAY()) -> 182 | N67: VIGENTE
A68: MP00129 | B68: CYCLOPENTASILOXANE | C68: BM-945 | F68: 0 | G68: F5491124 | H68: 480 | I68: =IFERROR(H67+SUMPRODUCT((MOVIMIENTOS!$C$2:$C$5000=$A67)*(MOVIMIENTOS!$D$2:$D$5000=$G67)*(MOVIMIENTOS!$B$2:$B$5000="INGRESO")*MOVIMIENTOS!$E$2:$E$5000)-SUMPRODUCT((MOVIMIENTOS!$C$2:$C$5000=$A67)*(MOVIMIENTOS!$D$2:$D$5000=$G67)*(MOVIMIENTOS!$B$2:$B$5000="EGRESO")*MOVIMIENTOS!$E$2:$E$5000),"") | J68: 4 | K68: B | L68: 46327 | M68: =IF(L67="","",L67-TODAY()) -> 182 | N68: VIGENTE
A69: MP00127 | B69: PHENYL TRIMETHICONE | C69: BM-956 | F69: 0 | G69: 211026525 | H69: 1000 | I69: =IFERROR(H68+SUMPRODUCT((MOVIMIENTOS!$C$2:$C$5000=$A68)*(MOVIMIENTOS!$D$2:$D$5000=$G68)*(MOVIMIENTOS!$B$2:$B$5000="INGRESO")*MOVIMIENTOS!$E$2:$E$5000)-SUMPRODUCT((MOVIMIENTOS!$C$2:$C$5000=$A68)*(MOVIMIENTOS!$D$2:$D$5000=$G68)*(MOVIMIENTOS!$B$2:$B$5000="EGRESO")*MOVIMIENTOS!$E$2:$E$5000),"") | J69: 4 | K69: B | L69: 46503 | M69: =IF(L68="","",L68-TODAY()) -> 201 | N69: VIGENTE
A70: MP00127 | B70: PHENYL TRIMETHICONE | C70: BM-956 | F70: 0 | G70: GCD200088042141 | H70: 1000 | I70: =IFERROR(H69+SUMPRODUCT((MOVIMIENTOS!$C$2:$C$5000=$A69)*(MOVIMIENTOS!$D$2:$D$5000=$G69)*(MOVIMIENTOS!$B$2:$B$5000="INGRESO")*MOVIMIENTOS!$E$2:$E$5000)-SUMPRODUCT((MOVIMIENTOS!$C$2:$C$5000=$A69)*(MOVIMIENTOS!$D$2:$D$5000=$G69)*(MOVIMIENTOS!$B$2:$B$5000="EGRESO")*MOVIMIENTOS!$E$2:$E$5000),"") | J70: 4 | K70: B | L70: 46393 | M70: =IF(L69="","",L69-TODAY()) -> 377 | N70: VIGENTE
A71: MP00293 | B71: DIMETHICONE | C71: BM 96-350 | F71: 0 | G71: 250206-350 | H71: 1000 | I71: =IFERROR(H70+SUMPRODUCT((MOVIMIENTOS!$C$2:$C$5000=$A70)*(MOVIMIENTOS!$D$2:$D$5000=$G70)*(MOVIMIENTOS!$B$2:$B$5000="INGRESO")*MOVIMIENTOS!$E$2:$E$5000)-SUMPRODUCT((MOVIMIENTOS!$C$2:$C$5000=$A70)*(MOVIMIENTOS!$D$2:$D$5000=$G70)*(MOVIMIENTOS!$B$2:$B$5000="EGRESO")*MOVIMIENTOS!$E$2:$E$5000),"") | J71: 4 | K71: B | L71: 46175 | M71: =IF(L70="","",L70-TODAY()) -> 267 | N71: PRÓXIMO
A72: MP00087 | B72: EUTERPE OLERACEA FRUIT OIL | C72: Beauty Oil Acaí | E72: Inchemical | F72: 0 | G72: 1871724BACC | H72: 1000 | I72: =IFERROR(H71+SUMPRODUCT((MOVIMIENTOS!$C$2:$C$5000=$A71)*(MOVIMIENTOS!$D$2:$D$5000=$G71)*(MOVIMIENTOS!$B$2:$B$5000="INGRESO")*MOVIMIENTOS!$E$2:$E$5000)-SUMPRODUCT((MOVIMIENTOS!$C$2:$C$5000=$A71)*(MOVIMIENTOS!$D$2:$D$5000=$G71)*(MOVIMIENTOS!$B$2:$B$5000="EGRESO")*MOVIMIENTOS!$E$2:$E$5000),"") | J72: 11 | K72: C | L72: 46376 | M72: =IF(L71="","",L71-TODAY()) -> 49 | N72: VIGENTE
A73: MP00137 | B73: ARGANIA SPINOSA KERNEL OIL | C73: Beauty Oil Argán | E73: Inchemical | F73: 0 | G73: 2111425 | H73: 525 | I73: =IFERROR(H72+SUMPRODUCT((MOVIMIENTOS!$C$2:$C$5000=$A72)*(MOVIMIENTOS!$D$2:$D$5000=$G72)*(MOVIMIENTOS!$B$2:$B$5000="INGRESO")*MOVIMIENTOS!$E$2:$E$5000)-SUMPRODUCT((MOVIMIENTOS!$C$2:$C$5000=$A72)*(MOVIMIENTOS!$D$2:$D$5000=$G72)*(MOVIMIENTOS!$B$2:$B$5000="EGRESO")*MOVIMIENTOS!$E$2:$E$5000),"") | J73: 11 | K73: C | L73: 46994 | M73: =IF(L72="","",L72-TODAY()) -> 250 | N73: VIGENTE
A74: MP00099 | B74: ARNICA MONTANA FLOWER EXTRACT | C74: Beauty Oil Árnica | E74: Inchemical | F74: 0 | G74: 2054425BA | H74: 1000 | I74: =IFERROR(H73+SUMPRODUCT((MOVIMIENTOS!$C$2:$C$5000=$A73)*(MOVIMIENTOS!$D$2:$D$5000=$G73)*(MOVIMIENTOS!$B$2:$B$5000="INGRESO")*MOVIMIENTOS!$E$2:$E$5000)-SUMPRODUCT((MOVIMIENTOS!$C$2:$C$5000=$A73)*(MOVIMIENTOS!$D$2:$D$5000=$G73)*(MOVIMIENTOS!$B$2:$B$5000="EGRESO")*MOVIMIENTOS!$E$2:$E$5000),"") | J74: 11 | K74: C | L74: 46845 | M74: =IF(L73="","",L73-TODAY()) -> 868 | N74: VIGENTE
A75: MP00037 | B75: ADANSONIA DIGITATA SEED OIL | C75: Beauty Oil Baobab | E75: Inchemical | F75: 0 | G75: 2090125 | H75: 1000 | I75: =IFERROR(H74+SUMPRODUCT((MOVIMIENTOS!$C$2:$C$5000=$A74)*(MOVIMIENTOS!$D$2:$D$5000=$G74)*(MOVIMIENTOS!$B$2:$B$5000="INGRESO")*MOVIMIENTOS!$E$2:$E$5000)-SUMPRODUCT((MOVIMIENTOS!$C$2:$C$5000=$A74)*(MOVIMIENTOS!$D$2:$D$5000=$G74)*(MOVIMIENTOS!$B$2:$B$5000="EGRESO")*MOVIMIENTOS!$E$2:$E$5000),"") | J75: 11 | K75: C | L75: 46559 | M75: =IF(L74="","",L74-TODAY()) -> 719 | N75: VIGENTE
A76: MP00038 | B76: MAURITIA FLEXUOSA FRUIT OIL | C76: Beauty Oil Buriti | E76: Inchemical | F76: 0 | G76: 2100325 | H76: 1000 | I76: =IFERROR(H75+SUMPRODUCT((MOVIMIENTOS!$C$2:$C$5000=$A75)*(MOVIMIENTOS!$D$2:$D$5000=$G75)*(MOVIMIENTOS!$B$2:$B$5000="INGRESO")*MOVIMIENTOS!$E$2:$E$5000)-SUMPRODUCT((MOVIMIENTOS!$C$2:$C$5000=$A75)*(MOVIMIENTOS!$D$2:$D$5000=$G75)*(MOVIMIENTOS!$B$2:$B$5000="EGRESO")*MOVIMIENTOS!$E$2:$E$5000),"") | J76: 11 | K76: C | L76: 46512 | M76: =IF(L75="","",L75-TODAY()) -> 433 | N76: VIGENTE
A77: MP00097 | B77: THEOBROMA CACAO SEED OIL | C77: Beauty Oil Cacao | E77: Inchemical | F77: 0 | G77: 2042325BC | H77: 1000 | I77: =IFERROR(H76+SUMPRODUCT((MOVIMIENTOS!$C$2:$C$5000=$A76)*(MOVIMIENTOS!$D$2:$D$5000=$G76)*(MOVIMIENTOS!$B$2:$B$5000="INGRESO")*MOVIMIENTOS!$E$2:$E$5000)-SUMPRODUCT((MOVIMIENTOS!$C$2:$C$5000=$A76)*(MOVIMIENTOS!$D$2:$D$5000=$G76)*(MOVIMIENTOS!$B$2:$B$5000="EGRESO")*MOVIMIENTOS!$E$2:$E$5000),"") | J77: 11 | K77: C | L77: 46483 | M77: =IF(L76="","",L76-TODAY()) -> 386 | N77: VIGENTE
A78: MP00102 | B78: CENTELLA ASIATICA EXTRACT | C78: Beauty Oil Centella Asiatica | E78: Inchemical | F78: 0 | G78: 24062024BCA | H78: 1000 | I78: =IFERROR(H77+SUMPRODUCT((MOVIMIENTOS!$C$2:$C$5000=$A77)*(MOVIMIENTOS!$D$2:$D$5000=$G77)*(MOVIMIENTOS!$B$2:$B$5000="INGRESO")*MOVIMIENTOS!$E$2:$E$5000)-SUMPRODUCT((MOVIMIENTOS!$C$2:$C$5000=$A77)*(MOVIMIENTOS!$D$2:$D$5000=$G77)*(MOVIMIENTOS!$B$2:$B$5000="EGRESO")*MOVIMIENTOS!$E$2:$E$5000),"") | J78: 11 | K78: C | L78: 46561 | M78: =IF(L77="","",L77-TODAY()) -> 357 | N78: VIGENTE
A79: MP00034 | B79: COFFEA ARABICA SEED OIL | C79: Beauty Oil Café | E79: Inchemical | F79: 0 | G79: 2071725 | H79: 1000 | I79: =IFERROR(H78+SUMPRODUCT((MOVIMIENTOS!$C$2:$C$5000=$A78)*(MOVIMIENTOS!$D$2:$D$5000=$G78)*(MOVIMIENTOS!$B$2:$B$5000="INGRESO")*MOVIMIENTOS!$E$2:$E$5000)-SUMPRODUCT((MOVIMIENTOS!$C$2:$C$5000=$A78)*(MOVIMIENTOS!$D$2:$D$5000=$G78)*(MOVIMIENTOS!$B$2:$B$5000="EGRESO")*MOVIMIENTOS!$E$2:$E$5000),"") | J79: 11 | K79: C | L79: 46573 | M79: =IF(L78="","",L78-TODAY()) -> 435 | N79: VIGENTE
A80: MP00029 | B80: BACTRIS GASIPAES FRUIT OIL | C80: Beauty Oil Chontaduro | E80: Inchemical | F80: 0 | G80: 2052025 | H80: 1000 | I80: =IFERROR(H79+SUMPRODUCT((MOVIMIENTOS!$C$2:$C$5000=$A79)*(MOVIMIENTOS!$D$2:$D$5000=$G79)*(MOVIMIENTOS!$B$2:$B$5000="INGRESO")*MOVIMIENTOS!$E$2:$E$5000)-SUMPRODUCT((MOVIMIENTOS!$C$2:$C$5000=$A79)*(MOVIMIENTOS!$D$2:$D$5000=$G79)*(MOVIMIENTOS!$B$2:$B$5000="EGRESO")*MOVIMIENTOS!$E$2:$E$5000),"") | J80: 11 | K80: C | L80: 46858 | M80: =IF(L79="","",L79-TODAY()) -> 447 | N80: VIGENTE
A81: MP00100 | B81: CAMELLIA OLEIFERA SEED OIL | C81: Beauty Oil Camelia | E81: Inchemical | F81: 0 | G81: 2067225C | H81: 1000 | I81: =IFERROR(H80+SUMPRODUCT((MOVIMIENTOS!$C$2:$C$5000=$A80)*(MOVIMIENTOS!$D$2:$D$5000=$G80)*(MOVIMIENTOS!$B$2:$B$5000="INGRESO")*MOVIMIENTOS!$E$2:$E$5000)-SUMPRODUCT((MOVIMIENTOS!$C$2:$C$5000=$A80)*(MOVIMIENTOS!$D$2:$D$5000=$G80)*(MOVIMIENTOS!$B$2:$B$5000="EGRESO")*MOVIMIENTOS!$E$2:$E$5000),"") | J81: 11 | K81: C | L81: 46888 | M81: =IF(L80="","",L80-TODAY()) -> 732 | N81: VIGENTE
A82: MPBOCO01 | B82: COPAIFERA OFFICINALIS RESIN OIL | C82: Beauty Oil Copaiba | E82: Inchemical | F82: 0 | G82: 2011425CP | H82: 1000 | I82: =IFERROR(H81+SUMPRODUCT((MOVIMIENTOS!$C$2:$C$5000=$A81)*(MOVIMIENTOS!$D$2:$D$5000=$G81)*(MOVIMIENTOS!$B$2:$B$5000="INGRESO")*MOVIMIENTOS!$E$2:$E$5000)-SUMPRODUCT((MOVIMIENTOS!$C$2:$C$5000=$A81)*(MOVIMIENTOS!$D$2:$D$5000=$G81)*(MOVIMIENTOS!$B$2:$B$5000="EGRESO")*MOVIMIENTOS!$E$2:$E$5000),"") | J82: 11 | K82: C | M82: =IF(L81="","",L81-TODAY()) -> 762
A83: MP00103 | B83: CERAMIDE NP | C83: Beauty Oil Cerámidas | E83: Inchemical | F83: 0 | G83: 2083425C | H83: 600 | I83: =IFERROR(H82+SUMPRODUCT((MOVIMIENTOS!$C$2:$C$5000=$A82)*(MOVIMIENTOS!$D$2:$D$5000=$G82)*(MOVIMIENTOS!$B$2:$B$5000="INGRESO")*MOVIMIENTOS!$E$2:$E$5000)-SUMPRODUCT((MOVIMIENTOS!$C$2:$C$5000=$A82)*(MOVIMIENTOS!$D$2:$D$5000=$G82)*(MOVIMIENTOS!$B$2:$B$5000="EGRESO")*MOVIMIENTOS!$E$2:$E$5000),"") | J83: 11 | K83: C | L83: 46919 | M83: =IF(L82="","",L82-TODAY()) | N83: VIGENTE
A84: MP00136 | B84: SIMMONDSIA CHINENSIS SEED OIL | C84: Beauty Oil Jojoba | E84: Inchemical | F84: 0 | G84: .005326 | H84: 1980 | I84: =IFERROR(H83+SUMPRODUCT((MOVIMIENTOS!$C$2:$C$5000=$A83)*(MOVIMIENTOS!$D$2:$D$5000=$G83)*(MOVIMIENTOS!$B$2:$B$5000="INGRESO")*MOVIMIENTOS!$E$2:$E$5000)-SUMPRODUCT((MOVIMIENTOS!$C$2:$C$5000=$A83)*(MOVIMIENTOS!$D$2:$D$5000=$G83)*(MOVIMIENTOS!$B$2:$B$5000="EGRESO")*MOVIMIENTOS!$E$2:$E$5000),"") | J84: 11 | K84: C | L84: 46741 | M84: =IF(L83="","",L83-TODAY()) -> 793 | N84: VIGENTE
A85: MP00136 | B85: SIMMONDSIA CHINENSIS SEED OIL | C85: Beauty Oil Jojoba | E85: Inchemical | F85: 0 | G85: 2146425 | H85: 180 | I85: =IFERROR(H84+SUMPRODUCT((MOVIMIENTOS!$C$2:$C$5000=$A84)*(MOVIMIENTOS!$D$2:$D$5000=$G84)*(MOVIMIENTOS!$B$2:$B$5000="INGRESO")*MOVIMIENTOS!$E$2:$E$5000)-SUMPRODUCT((MOVIMIENTOS!$C$2:$C$5000=$A84)*(MOVIMIENTOS!$D$2:$D$5000=$G84)*(MOVIMIENTOS!$B$2:$B$5000="EGRESO")*MOVIMIENTOS!$E$2:$E$5000),"") | J85: 11 | K85: C | L85: 46688 | M85: =IF(L84="","",L84-TODAY()) -> 615 | N85: VIGENTE
A86: MP00098 | B86: ORBIGNYA OLEIFERA SEED OIL | C86: Beauty Oil Kakaí | E86: Inchemical | F86: 0 | G86: 2046825KA | H86: 857 | I86: =IFERROR(H85+SUMPRODUCT((MOVIMIENTOS!$C$2:$C$5000=$A85)*(MOVIMIENTOS!$D$2:$D$5000=$G85)*(MOVIMIENTOS!$B$2:$B$5000="INGRESO")*MOVIMIENTOS!$E$2:$E$5000)-SUMPRODUCT((MOVIMIENTOS!$C$2:$C$5000=$A85)*(MOVIMIENTOS!$D$2:$D$5000=$G85)*(MOVIMIENTOS!$B$2:$B$5000="EGRESO")*MOVIMIENTOS!$E$2:$E$5000),"") | J86: 11 | K86: C | L86: 46502 | M86: =IF(L85="","",L85-TODAY()) -> 562 | N86: VIGENTE
A87: MP00032 | B87: PASSIFLORA INCARNATA SEED OIL | C87: Beauty Oil Maracuyá | E87: Inchemical | F87: 0 | G87: 2068825 | H87: 1000 | I87: =IFERROR(H86+SUMPRODUCT((MOVIMIENTOS!$C$2:$C$5000=$A86)*(MOVIMIENTOS!$D$2:$D$5000=$G86)*(MOVIMIENTOS!$B$2:$B$5000="INGRESO")*MOVIMIENTOS!$E$2:$E$5000)-SUMPRODUCT((MOVIMIENTOS!$C$2:$C$5000=$A86)*(MOVIMIENTOS!$D$2:$D$5000=$G86)*(MOVIMIENTOS!$B$2:$B$5000="EGRESO")*MOVIMIENTOS!$E$2:$E$5000),"") | J87: 11 | K87: C | L87: 46855 | M87: =IF(L86="","",L86-TODAY()) -> 376 | N87: VIGENTE
A88: MP00043 | B88: PROPANEDIOL | C88: Beauty Propanediol | E88: Inchemical | F88: 0 | G88: 24062024BCA | H88: 5000 | I88: =IFERROR(H87+SUMPRODUCT((MOVIMIENTOS!$C$2:$C$5000=$A87)*(MOVIMIENTOS!$D$2:$D$5000=$G87)*(MOVIMIENTOS!$B$2:$B$5000="INGRESO")*MOVIMIENTOS!$E$2:$E$5000)-SUMPRODUCT((MOVIMIENTOS!$C$2:$C$5000=$A87)*(MOVIMIENTOS!$D$2:$D$5000=$G87)*(MOVIMIENTOS!$B$2:$B$5000="EGRESO")*MOVIMIENTOS!$E$2:$E$5000),"") | J88: 11 | K88: C | M88: =IF(L87="","",L87-TODAY()) -> 729
A89: MP00105 | B89: ROSA CANINA FRUIT OIL | C89: Beauty Oil Rosa mosqueta | E89: Inchemical | F89: 0 | G89: 2085425RM | H89: 990 | I89: =IFERROR(H88+SUMPRODUCT((MOVIMIENTOS!$C$2:$C$5000=$A88)*(MOVIMIENTOS!$D$2:$D$5000=$G88)*(MOVIMIENTOS!$B$2:$B$5000="INGRESO")*MOVIMIENTOS!$E$2:$E$5000)-SUMPRODUCT((MOVIMIENTOS!$C$2:$C$5000=$A88)*(MOVIMIENTOS!$D$2:$D$5000=$G88)*(MOVIMIENTOS!$B$2:$B$5000="EGRESO")*MOVIMIENTOS!$E$2:$E$5000),"") | J89: 11 | K89: C | L89: 46575 | M89: =IF(L88="","",L88-TODAY()) | N89: VIGENTE
A90: MP00036 | B90: VITIS VINIFERA SEED OIL | C90: Beauty Oil Pepita de uva | E90: Inchemical | F90: 0 | G90: 2081625 | H90: 1000 | I90: =IFERROR(H89+SUMPRODUCT((MOVIMIENTOS!$C$2:$C$5000=$A89)*(MOVIMIENTOS!$D$2:$D$5000=$G89)*(MOVIMIENTOS!$B$2:$B$5000="INGRESO")*MOVIMIENTOS!$E$2:$E$5000)-SUMPRODUCT((MOVIMIENTOS!$C$2:$C$5000=$A89)*(MOVIMIENTOS!$D$2:$D$5000=$G89)*(MOVIMIENTOS!$B$2:$B$5000="EGRESO")*MOVIMIENTOS!$E$2:$E$5000),"") | J90: 11 | K90: C | L90: 46898 | M90: =IF(L89="","",L89-TODAY()) -> 449 | N90: VIGENTE
A91: MP00031 | B91: DAUCUS CAROTA SATIVA ROOT EXTRACT | C91: Beauty Oil Zanahoria | E91: Inchemical | F91: 0 | G91: 2060625 | H91: 1000 | I91: =IFERROR(H90+SUMPRODUCT((MOVIMIENTOS!$C$2:$C$5000=$A90)*(MOVIMIENTOS!$D$2:$D$5000=$G90)*(MOVIMIENTOS!$B$2:$B$5000="INGRESO")*MOVIMIENTOS!$E$2:$E$5000)-SUMPRODUCT((MOVIMIENTOS!$C$2:$C$5000=$A90)*(MOVIMIENTOS!$D$2:$D$5000=$G90)*(MOVIMIENTOS!$B$2:$B$5000="EGRESO")*MOVIMIENTOS!$E$2:$E$5000),"") | J91: 11 | K91: C | L91: 46895 | M91: =IF(L90="","",L90-TODAY()) -> 772 | N91: VIGENTE
A92: MP00122 | B92: HDI/TRIMETHYLOL HEXYLLACTONE CROSSPOLYMER (AND) SILICA | C92: BPD-500W | E92: Colquímicos | F92: 0 | G92: DA892 | H92: 41.8 | I92: =IFERROR(H91+SUMPRODUCT((MOVIMIENTOS!$C$2:$C$5000=$A91)*(MOVIMIENTOS!$D$2:$D$5000=$G91)*(MOVIMIENTOS!$B$2:$B$5000="INGRESO")*MOVIMIENTOS!$E$2:$E$5000)-SUMPRODUCT((MOVIMIENTOS!$C$2:$C$5000=$A91)*(MOVIMIENTOS!$D$2:$D$5000=$G91)*(MOVIMIENTOS!$B$2:$B$5000="EGRESO")*MOVIMIENTOS!$E$2:$E$5000),"") | J92: 2 | K92: B | L92: 46341 | M92: =IF(L91="","",L91-TODAY()) -> 769 | N92: VIGENTE
A93: MP00203 | B93: PENDIENTE INCI | C93: BRO-IIS2 | F93: 0 | G93: QD4541 | I93: =IFERROR(H92+SUMPRODUCT((MOVIMIENTOS!$C$2:$C$5000=$A92)*(MOVIMIENTOS!$D$2:$D$5000=$G92)*(MOVIMIENTOS!$B$2:$B$5000="INGRESO")*MOVIMIENTOS!$E$2:$E$5000)-SUMPRODUCT((MOVIMIENTOS!$C$2:$C$5000=$A92)*(MOVIMIENTOS!$D$2:$D$5000=$G92)*(MOVIMIENTOS!$B$2:$B$5000="EGRESO")*MOVIMIENTOS!$E$2:$E$5000),"") | J93: 3 | K93: D | L93: 46482 | M93: =IF(L92="","",L92-TODAY()) -> 215 | N93: VIGENTE
A94: MPBSBL01 | B94: BISABOLOL | C94: Bisabolol | E94: YTBIO | F94: 0 | G94: YT20250706 | H94: 1000 | I94: =IFERROR(H93+SUMPRODUCT((MOVIMIENTOS!$C$2:$C$5000=$A93)*(MOVIMIENTOS!$D$2:$D$5000=$G93)*(MOVIMIENTOS!$B$2:$B$5000="INGRESO")*MOVIMIENTOS!$E$2:$E$5000)-SUMPRODUCT((MOVIMIENTOS!$C$2:$C$5000=$A93)*(MOVIMIENTOS!$D$2:$D$5000=$G93)*(MOVIMIENTOS!$B$2:$B$5000="EGRESO")*MOVIMIENTOS!$E$2:$E$5000),"") | J94: 11 | K94: E | L94: 46573 | M94: =IF(L93="","",L93-TODAY()) -> 356 | N94: VIGENTE
A95: MP00068 | B95: PHENOXYETHANOL (AND) ETHYLHEXYLGLYCERIN | C95: Biosure FE | F95: 0 | G95: 250127005 | I95: =IFERROR(H94+SUMPRODUCT((MOVIMIENTOS!$C$2:$C$5000=$A94)*(MOVIMIENTOS!$D$2:$D$5000=$G94)*(MOVIMIENTOS!$B$2:$B$5000="INGRESO")*MOVIMIENTOS!$E$2:$E$5000)-SUMPRODUCT((MOVIMIENTOS!$C$2:$C$5000=$A94)*(MOVIMIENTOS!$D$2:$D$5000=$G94)*(MOVIMIENTOS!$B$2:$B$5000="EGRESO")*MOVIMIENTOS!$E$2:$E$5000),"") | J95: 3 | K95: E | L95: 46414 | M95: =IF(L94="","",L94-TODAY()) -> 447 | N95: VIGENTE
A96: MP00068 | B96: PHENOXYETHANOL (AND) ETHYLHEXYLGLYCERIN | C96: Biosure FE | F96: 0 | G96: 250306006 | H96: 10000 | I96: =IFERROR(H95+SUMPRODUCT((MOVIMIENTOS!$C$2:$C$5000=$A95)*(MOVIMIENTOS!$D$2:$D$5000=$G95)*(MOVIMIENTOS!$B$2:$B$5000="INGRESO")*MOVIMIENTOS!$E$2:$E$5000)-SUMPRODUCT((MOVIMIENTOS!$C$2:$C$5000=$A95)*(MOVIMIENTOS!$D$2:$D$5000=$G95)*(MOVIMIENTOS!$B$2:$B$5000="EGRESO")*MOVIMIENTOS!$E$2:$E$5000),"") | J96: estibas | M96: =IF(L95="","",L95-TODAY()) -> 288
A97: MP00206 | B97: PENDIENTE INCI | C97: BTD-IIS2 | F97: 0 | G97: SH2159 | I97: =IFERROR(H96+SUMPRODUCT((MOVIMIENTOS!$C$2:$C$5000=$A96)*(MOVIMIENTOS!$D$2:$D$5000=$G96)*(MOVIMIENTOS!$B$2:$B$5000="INGRESO")*MOVIMIENTOS!$E$2:$E$5000)-SUMPRODUCT((MOVIMIENTOS!$C$2:$C$5000=$A96)*(MOVIMIENTOS!$D$2:$D$5000=$G96)*(MOVIMIENTOS!$B$2:$B$5000="EGRESO")*MOVIMIENTOS!$E$2:$E$5000),"") | J97: 3 | K97: D | L97: 46512 | M97: =IF(L96="","",L96-TODAY()) | N97: VIGENTE
A98: MP00258 | B98: BUTYLENE GLYCOL | C98: Butilenglicol | E98: YTBIO | F98: 0 | G98: FHD-240820-60 | H98: 1000 | I98: =IFERROR(H97+SUMPRODUCT((MOVIMIENTOS!$C$2:$C$5000=$A97)*(MOVIMIENTOS!$D$2:$D$5000=$G97)*(MOVIMIENTOS!$B$2:$B$5000="INGRESO")*MOVIMIENTOS!$E$2:$E$5000)-SUMPRODUCT((MOVIMIENTOS!$C$2:$C$5000=$A97)*(MOVIMIENTOS!$D$2:$D$5000=$G97)*(MOVIMIENTOS!$B$2:$B$5000="EGRESO")*MOVIMIENTOS!$E$2:$E$5000),"") | J98: 11 | K98: B | L98: 46618 | M98: =IF(L97="","",L97-TODAY()) -> 386 | N98: VIGENTE
A99: MP00258 | B99: BUTYLENE GLYCOL | C99: Butilenglicol | E99: YTBIO | F99: 0 | G99: YT20250815 | H99: 1000 | I99: =IFERROR(H98+SUMPRODUCT((MOVIMIENTOS!$C$2:$C$5000=$A98)*(MOVIMIENTOS!$D$2:$D$5000=$G98)*(MOVIMIENTOS!$B$2:$B$5000="INGRESO")*MOVIMIENTOS!$E$2:$E$5000)-SUMPRODUCT((MOVIMIENTOS!$C$2:$C$5000=$A98)*(MOVIMIENTOS!$D$2:$D$5000=$G98)*(MOVIMIENTOS!$B$2:$B$5000="EGRESO")*MOVIMIENTOS!$E$2:$E$5000),"") | J99: 11 | K99: B | L99: 46613 | M99: =IF(L98="","",L98-TODAY()) -> 492 | N99: VIGENTE
A100: MP00258 | B100: BUTYLENE GLYCOL | C100: Butilenglicol | E100: YTBIO | F100: 0 | G100: YT20251015 | H100: 1000 | I100: =IFERROR(H99+SUMPRODUCT((MOVIMIENTOS!$C$2:$C$5000=$A99)*(MOVIMIENTOS!$D$2:$D$5000=$G99)*(MOVIMIENTOS!$B$2:$B$5000="INGRESO")*MOVIMIENTOS!$E$2:$E$5000)-SUMPRODUCT((MOVIMIENTOS!$C$2:$C$5000=$A99)*(MOVIMIENTOS!$D$2:$D$5000=$G99)*(MOVIMIENTOS!$B$2:$B$5000="EGRESO")*MOVIMIENTOS!$E$2:$E$5000),"") | J100: 11 | K100: A | L100: 46674 | M100: =IF(L99="","",L99-TODAY()) -> 487 | N100: VIGENTE
...

Sheet MOVIMIENTOS
A1: MOVIMIENTOS — INGRESOS Y EGRESOS
A2: FECHA | B2: TIPO | C2: CÓDIGO MP | D2: N° LOTE | E2: CANTIDAD (g) | F2: OBSERVACIONES

Sheet ALERTAS
A1: ALERTAS AUTOMÁTICAS
A3: LOTES VENCIDOS
A4: CÓDIGO MP | B4: NOMBRE COMERCIAL | C4: N° LOTE | D4: CANT. ACTUAL(g) | E4: ESTANTERÍA | F4: DÍAS PARA VENCER
A5: → Filtrar hoja INVENTARIO: ESTADO = "VENCIDO"
A7: LOTES CRÍTICOS — vencen en < 30 días
A8: CÓDIGO MP | B8: NOMBRE COMERCIAL | C8: N° LOTE | D8: CANT. ACTUAL(g) | E8: ESTANTERÍA | F8: DÍAS PARA VENCER
A9: → Filtrar hoja INVENTARIO: ESTADO = "CRÍTICO"
A11: LOTES PRÓXIMOS — vencen en < 90 días
A12: CÓDIGO MP | B12: NOMBRE COMERCIAL | C12: N° LOTE | D12: CANT. ACTUAL(g) | E12: ESTANTERÍA | F12: DÍAS PARA VENCER
A13: → Filtrar hoja INVENTARIO: ESTADO = "PRÓXIMO"
A15: INCI PENDIENTE DE VERIFICACIÓN
A16: CÓDIGO MP | B16: NOMBRE COMERCIAL | C16: N° LOTE | D16: CANT. ACTUAL(g) | E16: ESTANTERÍA | F16: DÍAS PARA VENCER
A17: → Filtrar hoja INVENTARIO: NOMBRE INCI contiene "PENDIENTE INCI"
A19: STOCK BAJO MÍNIMO
A20: CÓDIGO MP | B20: NOMBRE COMERCIAL | C20: N° LOTE | D20: CANT. ACTUAL(g) | E20: ESTANTERÍA | F20: DÍAS PARA VENCER
A21: → Filtrar hoja INVENTARIO: CANT. ACTUAL < STOCK MÍN.
